CRPBS,Distance of Center Position of CRPBS to TSS,Transcription Unit,Regulatory Role,Pred role,Pred probability
tccacattgaTTATTTGCACGGCGTCACACTTtgctatgcca,-93.5,araBAD,+,activation,0.0423509
tggcatagcaAAGTGTGACGCCGTGCAAATAAtcaatgtgga,-72.5,araC,+,activation,0.00491744
ttccccaactTTCTTCGTAACGCCTCGCAAATttcttgtctt,20.5,ppdD-hofBC,+,repression,0.800256
aggttttaacATGTGTGATCGTCATCACAATTcgagctttat,-65.5,hpt,+,activation,0.0113576
ataaagctcgAATTGTGATGACGATCACACATgttaaaacct,-31.5,gcd,-,repression,0.831979
taatccgcaaATATGCGTTTCAGTTAACGTTTcaggcaatgt,-68.5,prpR,+,activation,0.0887859
acattgcctgAAACGTTAACTGAAACGCATATttgcggatta,-106.5,prpBCDE,+,activation,0.0198881
tgttgtgtggAATTGTGAGCGGATAACAATTTcacacaggaa,11.5,lacZYA,+,activation,0.0887532
tgttgtgtggAATTGTGAGCGGATAACAATTTcacacaggaa,26.5,lacZYA,-,repression,0.832023
tgttgtgtggAATTGTGAGCGGATAACAATTTcacacaggaa,33.5,lacZYA,-,repression,0.832023
gcaacgcaatTAATGTGAGTTAGCTCACTCATtaggcacccc,-61.5,lacZYA,+,activation,0.226001
gcaacgcaatTAATGTGAGTTAGCTCACTCATtaggcacccc,-46.5,lacZYA,-,repression,0.83195
gcaacgcaatTAATGTGAGTTAGCTCACTCATtaggcacccc,-39.5,lacZYA,-,repression,0.832093
gactcggacaAAATGTCGTTGCGCGCACAGTAcagcgcaact,-40.5,mhpR-lacI,+,activation,0.0528747
ccgttctggtGGTTGTGATGGTGGTATGAAAAaagtcatttt,44.5,araJ,-,repression,0.981201
cagcaaactgGAAAGTACGTTTGCAGTGAAATaactattcag,-90.5,araJ,+,activation,0.0120116
gtgactgcaaAATAGTGACCTCGCGCAAAATGcactaataaa,-83.5,hupB,+,activation,0.00491744
accaaaacttACATCTTGAAATAATCACATTGattagatgaa,-31.5,nmpC,+,activation,0.0886984
ttcagataaaAATAGAGATCTACTTCACAAATcaaacgagaa,-73.5,nmpC,+,activation,0.00537727
actcggttaaCGGAGTGATCGAGTTAACATTGttaagttaaa,-89.5,cstA,+,activation,0.043683
acatcaaaaaTAACGCGACTTTTATCACTTTTtagtaaagtt,-61.5,cspE,+,activation,0.0887917
ttgccgttgtAAATGTAAGCTGTGCCACGTTTttattaacaa,-70.5,fur,+,activation,0.0308259
ttgccgttgtAAATGTAAGCTGTGCCACGTTTttattaacaa,-77.5,fur,+,activation,0.031721
acgattccacTAATTTATTCCATGTCACACTTttcgcatctt,-41.5,galE,+,activation,0.088723
acgattccacTAATTTATTCCATGTCACACTTttcgcatctt,-41.5,galET,+,activation,0.088723
acgattccacTAATTTATTCCATGTCACACTTttcgcatctt,-41.5,galETK,+,activation,0.088723
acgattccacTAATTTATTCCATGTCACACTTttcgcatctt,-41.5,galETKM,+,activation,0.088723
acgattccacTAATTTATTCCATGTCACACTTttcgcatctt,-36.5,galE,-,repression,0.513324
acgattccacTAATTTATTCCATGTCACACTTttcgcatctt,-36.5,galET,-,repression,0.513324
acgattccacTAATTTATTCCATGTCACACTTttcgcatctt,-36.5,galETK,-,repression,0.513324
acgattccacTAATTTATTCCATGTCACACTTttcgcatctt,-36.5,galETKM,-,repression,0.513324
ttcctgtcaaTAGCGTTAACTGCTTCAAATTTttgattcata,-83.5,cspD,+,activation,0.058934
tatcgttggcATCAGCGACATCTGTCACATTCctgtcaatag,-112.5,cspD,+,activation,0.0792684
aagccaggcgAGATATGATCTATATCAATTTCtcatctataa,-40.5,focA-pflB,+,activation,0.0887742
agagattcttTTGTGTGATGCAAGCCACATTTttgccctcaa,-86,serC,-,repression,0.832045
agagattcttTTGTGTGATGCAAGCCACATTTttgccctcaa,-86,serC-aroA,-,repression,0.832045
acgtttgaaaTATTGTGACATATGTTTTGTCAaaatgtgcaa,-94.5,ptsG,+,activation,0.0783322
tctgaagttgAAACGTGATAGCCGTCAAACAAattggcactg,-40.5,ptsG,+,activation,0.380455
actaaatgatAGATGTGATCTGGATCACATACaagatatttt,-152.5,comR,-,activation,0.132102
aaaatatcttGTATGTGATCCAGATCACATCTatcatttagt,-36.5,bhsA,-,repression,0.683358
acattaaacaTTGTTTGATATTTATCATATTAatagaaataa,-61.5,hlyE,+,activation,0.0887308
agagtcagggAGATGTGAGCCAGCTCACCATAaaaaagccgc,-43.5,dadAX,+,activation,0.0286434
agagtcagggAGATGTGAGCCAGCTCACCATAaaaaagccgc,-72.5,dadAX,+,activation,0.00725191
agagtcagggAGATGTGAGCCAGCTCACCATAaaaaagccgc,-59.5,dadAX,+,activation,0.0183687
tgagttatcaAGATGTGATTAGATTATTATTCttttactgta,-9.5,dadAX,+,activation,0.0748454
agttatcaagATGTGATTAGATTATTATTCTTttactgtatc,7,dadAX,+,activation,0.088678
taagggttgtAATTGTGATCACGCCCGCACATaacccactgg,-41.5,ychH,+,activation,0.0568295
taacttatatTTTCGTGAAATCTGTCACTGAAgaaaattggc,-52.5,mcaS,+,activation,0.0211701
tataaaaataGGGTGCGAAATCCGTCACAGTTcaaacataca,-58.5,paaABCDEFGHIJK,+,activation,0.0640922
tgtatgtttgAACTGTGACGGATTTCGCACCCtatttttata,-136.5,paaZ,+,activation,0.0886875
attgttgtaaAAATGTGACGCAAAGAGGTTTTtggtcataag,-52.5,trg,+,activation,0.0646557
gctcatttatATCTGTGATGGCAACCACAGTTtgactctacg,-142.5,lsrACDBFG-tam,+,activation,0.0581806
cgtagagtcaAACTGTGGTTGCCATCACAGATataaatgagc,-60.5,lsrRK,+,activation,0.0164292
aaatagcataAATTGTGATCTATTCGTCGGAAatatgtgcaa,-71.5,lsrACDBFG-tam,+,activation,0.00491744
ttgcacatatTTCCGACGAATAGATCACAATTtatgctattt,-131.5,lsrRK,+,activation,0.0403224
atgacttcttCCAGCAGATACAACTCACACAAtgcacccgct,-53.5,fumC,+,activation,0.0202451
caggcagtaaGTGAGAGAACAATGTCAAACAAaccctttcat,63.5,fumA,+,activation,0.086495
caggcagtaaGTGAGAGAACAATGTCAAACAAaccctttcat,63.5,fumAC,+,activation,0.086495
tactccctgaTTATGTGACAGATAAAACGTTTtaccttttat,-101.5,malXY,+,activation,0.0328668
ataaaaggtaAAACGTTTTATCTGTCACATAAtcagggagta,17.5,malI,-,repression,0.832038
tatcaaatttTAGTGAGGCATAAATCACATTAcgcaacgata,-43.5,malI,+,activation,0.0433407
tatcgttgcgTAATGTGATTTATGCCTCACTAaaatttgata,-41.5,malXY,+,activation,0.0542915
tatttgcccgAAATGTGAAGAGGGTCATAACCacaggtcaag,-83.5,chbBCARFG,+,activation,0.00491744
gataaaaataAATAGTGACGCGCTTCGCAACCttttcgttgg,-59.5,fadD-sroD,+,activation,0.0237306
attgagtgttTTGTGTGATCTGCATCACGCATtattgaaaat,-71.5,flhDC,+,activation,0.0886549
tgtaattctgCGATGTGATATTGCTCTCCTATggagaattaa,-42.5,araFGH,+,activation,0.0228136
agactggcagGAGTGCGAGTCTGCTCGCATAAtcaacactca,-41.5,sbmC,+,activation,0.0347923
ggatggaaaaTTCTTAGAAACCGATCACATACagctgcattt,-42.5,cyaR,+,activation,0.132502
atattgtcgtTTTTGTGATCGTTATCTCGATAtttaaaaaca,-40.5,gatYZABCD,+,activation,0.0936281
taatgggctaAAATTTGCGATGCGTCGCGCATttttgatgta,-94.5,cdd,-,repression,0.832069
atgggctaaaATTTGCGATGCGTCGCGCATTTttgatgtatg,-92.5,cdd,+,repression,0.863564
accgctttcaATCTGTGAGTGATTTCACAGTAtcttaacaat,-41.5,mglBAC,+,activation,0.0568295
ttcataaattAAATGTGAATTGCCGCACACATtattaaataa,-90.5,glpABC,+,activation,0.0336997
ttatttaataATGTGTGCGGCAATTCACATTTaatttatgaa,-41.5,glpTQ,+,activation,0.0887907
aaatgttcaaAATGACGCATGAAATCACGTTTcactttcgaa,-40.5,glpABC,+,activation,0.0887742
ttcgaaagtgAAACGTGATTTCATGCGTCATTttgaacattt,-91.5,glpTQ,+,activation,0.0886928
aattatgagcGAATATGCGCGAAATCAAACAAttcatgtttt,-0.5,glpABC,+,activation,0.0887798
aaaacatgaaTTGTTTGATTTCGCGCATATTCgctcataatt,-131.5,glpTQ,+,activation,0.0412526
gcaaaatcggATAAGTGACCGAAATCACACTTaaaaatgatc,-157.5,fadL,+,activation,0.0412526
ttaggtgcttTTTTGTGGCCTGCTTCAAACTTtcgcccctcc,-63.5,ptsHI-crr,+,activation,0.09847
ttaggtgcttTTTTGTGGCCTGCTTCAAACTTtcgcccctcc,-60.5,ptsHI-crr,+,activation,0.0887866
ccgcttaagtTCTTATGACGCTCTTCACACTCtgcgagtgta,-71.5,murQP,+,activation,0.0181943
ccgcttaagtTCTTATGACGCTCTTCACACTCtgcgagtgta,-79.5,murQP,+,activation,0.0181943
tgctgatttaGAATTTGATCTCGCTCACATGTtaccttctca,28.5,xseA,-,repression,0.831893
tgagaaggtaACATGTGAGCGAGATCAAATTCtaaatcagca,-117.5,guaBA,+,activation,0.0434409
atgttactaaTTTGTTGCTTTTGATCACAATAagaaaacaat,-68.5,csiD-lhgO-gabDTP,+,activation,0.0155403
ggaaaaatatTCAGGTGACCGGTTTCACAAATataaaaaatg,-71.5,ascFB,+,activation,0.00491744
acaacaagccAACTGCGACCACGGTCACAGCGcctgtaacgg,56.5,rpoS,+,repression,0.736086
gcagagcaagGAGTTGTGATCAAGCCTGCACAaaattccacc,-62.5,rpoS,+,activation,0.0133111
gatcgcgaaaAACTGGAACGCTTTTCGCATTCtgaaggcctg,-60.5,relA-mazEF,+,activation,0.0887934
tttcgattatTAAAGTGATGGTAGTCACATAAagtcaccttc,-80.5,fucPIKUR,+,activation,0.00260867
tctagctaatAAGTGTGACCGCCGTCATATTAcagagcgttt,-40.5,fucPIKUR,+,activation,0.0107267
ttaatttgaaAATTGGAATATCCATCACATAAcgacatgtcg,-94.5,araE,+,activation,0.0103642
ttaatttgaaAATTGGAATATCCATCACATAAcgacatgtcg,-94.5,araE-ygeA,+,activation,0.0103642
gtcttattcaAATTGACTTTCTCATCACATCAtctttgtata,-145.5,gcvTHP,+,activation,0.0403224
cctctgttgtTTATTTGATACCCATCACACTTtcatctcccg,-313.5,gcvTHP,+,activation,0.0403224
aaggggataaAAGTGTGATGTGAGTCAGATAAatgtcttctt,-70.5,epd-pgk,+,activation,0.00492543
aaggggataaAAGTGTGATGTGAGTCAGATAAatgtcttctt,-70.5,epd-pgk-fbaA,+,activation,0.00492543
taattcttcgTTTTGTTACCTGCCTCTAACTTtgtagatctc,-91.5,ansB,+,activation,0.0283117
atgtttgcaaTTATTTGCCACAGGTAACAAAAaaccagtccg,-42.5,nupG,+,activation,0.0708845
gtttgcaattATTTGCCACAGGTAACAAAAAAccagtccgcg,-40.5,nupG,-,activation,0.166917
ttaaatcgcaAATTGCGATCTAAATCAAATTAatcggttaaa,-49.5,aer,+,activation,0.0887158
ttgaaagttaATTTGTGAGTGGTCGCACATATcctgttcatt,-43.5,tdcABCDEFG,+,activation,0.088752
attatgtttcTTTTGTGAATCAGATCAGAAAAccattatctt,-60.5,kbaZ-agaVWA,+,activation,0.0320598
aacgttgacaAAATGTGGCGTGGATCACTATAatgcctgcag,-19.5,metY,-,repression,0.831962
aacgttgacaAAATGTGGCGTGGATCACTATAatgcctgcag,-19.5,metY-rimP-nusA-infB-rbfA-truB-rpsO-pnp,-,repression,0.831962
ctgcaggcatTATAGTGATCCACGCCACATTTtgtcaacgtt,-167.5,argG,+,activation,0.0470235
tttaataaagAATTTTGCGCTAAAGCACATTTctgtaccaat,-65.5,gltBDF,-,repression,0.780991
ataatgccacTTTAGTGAAGCAGATCGCATTAtaagctttct,-60.5,nanA,+,activation,0.0350424
ataatgccacTTTAGTGAAGCAGATCGCATTAtaagctttct,-60.5,nanATEK-yhcH,+,activation,0.0350424
gtgtctcgctTCAGCATGACCCAGGTCGCCTTccgttgcgcg,58.5,yhfA,-,repression,0.791175
cgcgcaacggAAGGCGACCTGGGTCATGCTGAagcgagacac,-59.5,crp,+,activation,0.0377466
actgcacggtAATGTGACGTCCTTTGCATACAtgcagtacat,-42.5,yhfA,+,activation,0.0359889
atgtactgcaTGTATGCAAAGGACGTCACATTaccgtgcagt,41.5,crp,-,repression,0.872398
ttgcattttaAGAGGTGATTTTGATCACGGAAtaaaaagtga,-7.5,ppiA,-,repression,0.930695
ttgcattttaAGAGGTGATTTTGATCACGGAAtaaaaagtga,12.5,ppiA,-,repression,0.831896
ttttaggtgaTTTTGTGATCTGTTTAAATGTTttattgcaat,-95.5,ppiA,-,activation,0.436317
gtataggccaTAAATCGAGCCTGCTCCCAGCAgaatgcaaca,1.5,hofMNOP,+,activation,0.0887532
ggcgctgtaaATCTGCATCGGAATTTGCAGGCgaacatcttt,-80.5,hofMNOP,+,activation,0.00132703
cgcacattggGTATAACGTGATCATATCAACAgaatcaataa,-53,ompR-envZ,-,repression,0.692386
cgcacattggGTATAACGTGATCATATCAACAgaatcaataa,-121,ompR-envZ,+,activation,0.0227336
cgcacattggGTATAACGTGATCATATCAACAgaatcaataa,-5,ompR-envZ,-,repression,0.926922
cgcacattggGTATAACGTGATCATATCAACAgaatcaataa,-75,ompR-envZ,+,activation,0.04101
ttccccgcgaTAATATGACCAACCTCTCATAAtttaaattta,-71.5,gntT,+,activation,0.00491744
ttccccgcgaTAATATGACCAACCTCTCATAAtttaaattta,-115.5,gntT,+,activation,0.0412526
ttccccgcgaTAATATGACCAACCTCTCATAAtttaaattta,-112.5,gntT,+,activation,0.0412526
aaagatttggAATTGTGACACAGTGCAAATTCagacacataa,-70.5,malT,+,activation,0.00492543
ataaacgccaTAATGTTATACATATCACTCTAaaatgttttt,-63.5,glpD,+,activation,0.0436599
aaaaacatttTAGAGTGATATGTATAACATTAtggcgtttat,-58.5,glpEGR,+,activation,0.0806621
gccgtcaccgCCTTGTCATCTTTCTGACACCTtactatctta,-26.5,ugpBAECQ,+,activation,0.0887425
cttgcattgaACTTGTGGATAAAATCACGGTCtgataaaaca,-27.5,rpoH,-,repression,0.915285
cttgcattgaACTTGTGGATAAAATCACGGTCtgataaaaca,-20.5,rpoH,-,repression,0.83194
tcttcccggtATTTCATCTCTATGTCACATTTtgtgcgtaat,-80.5,rpoH,-,repression,0.768011
tcttcccggtATTTCATCTCTATGTCACATTTtgtgcgtaat,-73.5,rpoH,-,repression,0.768011
caaggatgtaAATAATGAAAAGGATGACATATtcgaaacgat,-19.5,gadEF-mdtEF,-,repression,0.831962
aagtgctggtTTGTGCGAGCCAGCTCAAACTTtttaaccttt,-81.5,dctA,+,activation,0.08875
tggtagcgcaAAGTGTGCCGTAGTTCACGATCtcgacagata,-105.5,yiaKLMNO-lyxK-sgbHUE,+,activation,0.0409349
tatctgtcgaGATCGTGAACTACGGCACACTTtgcgctacca,50.5,yiaJ,-,repression,0.832086
cttgcccgtaAATTCGTGATAGCTGTCGTAAAgctgttaccg,-60.5,aldB,+,activation,0.0163321
acgaaggcatAACATGCTGTAGATCACATCAGgtgaacgccg,-261.5,mtlADR,+,activation,0.00369552
taagaaaataTCTTGTGATTCAGATCACAAAGattcaacaaa,-219.5,mtlADR,+,activation,0.0412526
atcaaaacaaAAATGTGACACTACTCACATTTaaatgccatt,-175.5,mtlADR,+,activation,0.0697928
tacacaagcgTTTTGTGATGAACGTCACGTCAattacctctc,-102.5,mtlADR,+,activation,0.0105023
ccccctatatTTATGTGATTGATATCACACAAaaggccgtcg,-58.5,mtlADR,+,activation,0.00538207
ttccccagatTTTTATTGACGCACAGCACATTggcggctgtg,-61.5,secB-gpsA,+,activation,0.275924
acaccgcgcgAAGCGTGATGCATCTCACCTTTtcacttcata,-103.5,uhpT,+,activation,0.132404
attcagtacaAAACGTGATCAACCCCTCAATTttcccttgct,-64,ivbL,+,activation,0.0420106
attcagtacaAAACGTGATCAACCCCTCAATTttcccttgct,-64,ivbL-ilvBN,+,activation,0.0420106
caaagttaatAACTGCGAGCATGGTCATATTTttatcaatag,-61.5,bglG,+,activation,0.0609342
caaagttaatAACTGCGAGCATGGTCATATTTttatcaatag,-61.5,bglGFB,+,activation,0.0609342
caaagttaatAACTGCGAGCATGGTCATATTTttatcaatag,-41.5,bglG,+,activation,0.0324181
tctgttctgtTAAATGTGTTTTGCTCATAGTGtggtagaata,-23.5,trxA,-,repression,0.96947
cagcaaggtgTTAAATTGATCACGTTTTAGACcattttttcg,-2,cyaA,-,repression,0.832038
gcatttgcgtCATGGTGATGAGTATCACGAAAaaatgttaaa,-41.5,udp,+,activation,0.0887942
ttttgcacgaTGGTGCGCATGATAACGCCTTTtaggggcaat,-55.5,glnA,-,repression,0.83195
ttttgcacgaTGGTGCGCATGATAACGCCTTTtaggggcaat,-55.5,glnALG,-,repression,0.83195
ccttttgcacGATGGTGCGCATGATAACGCCTtttaggggca,-57.5,glnA,-,repression,0.809905
ccttttgcacGATGGTGCGCATGATAACGCCTtttaggggca,-57.5,glnALG,-,repression,0.809905
tgaattgtggTGATGTGATGCTCACCGCATTTcctgaaaatt,-111.5,rhaSR,+,activation,0.0792684
gctcaccgcaTTTCCTGAAAATTCACGCTGTAtcttgaaaaa,-92.5,rhaSR,+,activation,0.0887386
taagaccagaAAACGTGATTTAACGCCTGATTtgtcgtacct,-63.5,hupA,+,activation,0.035307
acaaaaaataTAGATCTCCGTCACATTTTTGCgttatacagg,-25,psiE,-,repression,0.94564
ttaccgccaaTTCTGTAACAGAGATCACACAAagcgacggtg,-76.5,malEFG,+,activation,0.00740295
caccgtcgctTTGTGTGATCTCTGTTACAGAAttggcggtaa,-195.5,malK-lamB-malM,+,activation,0.0317323
cgtggcgattTTATGTGCGCATCTCCACATTAccgccaattc,-105.5,malEFG,+,activation,0.0887146
gaattggcggTAATGTGGAGATGCGCACATAAaatcgccacg,-166.5,malK-lamB-malM,+,activation,0.0886981
atgtaaggaaTTTCGTGATGTTGCTTGCAAAAatcgtggcga,-139.5,malEFG,+,activation,0.0412526
tcgccacgatTTTTGCAAGCAACATCACGAAAttccttacat,-132.5,malK-lamB-malM,+,activation,0.0886866
agaacacggcTTCTGTGAACTAAACCGAGGTCatgtaaggaa,-171.5,malEFG,+,activation,0.00536954
ttccttacatGACCTCGGTTTAGTTCACAGAAgccgtgttct,-100.5,malK-lamB-malM,+,activation,0.0263314
aattctacttTTGCGTGATCTGTCGCCCAAATactaaacaaa,-69.5,acs-yjcH-actP,+,activation,0.177559
ttaatcaactTTTGTTGCTGACCTTCAAAAATtaccctgccg,-122.5,acs-yjcH-actP,+,activation,0.0545453
aaacgaaatcCATGTGTGAAGTTGATCACAAAtttaaacact,-122.5,proP,+,activation,0.0120481
aacgaaatccATGTGTGAAGTTGATCACAAATttaaacactg,-34.5,proP,-,repression,0.831936
agagggtgaaAACCGTGCTCCCACTCGCAGTCatcctccctc,-41.5,melR,+,activation,0.0568295
gagggaggatGACTGCGAGTGGGAGCACGGTTttcaccctct,-195.5,melAB,+,activation,0.0887766
taaactcagaTCCTGCGTGAAGCAGCAGTAAAtctgagttta,-155.5,melR,+,activation,0.0886981
taaactcagaTTTACTGCTGCTTCACGCAGGAtctgagttta,-81.5,melAB,+,activation,0.00740295
tgctgacgcaCTTCGTGAACGATCCCACGAATttatgaataa,-57.5,dcuR,+,activation,0.0059563
ctggctgcgtGGTTGGGAAGGGGTTCACTGGCttgacagtga,-96.5,hfq-hflXKC,-,activation,0.105441
atgtggaattATTTGCGGGTCGCGTCACATTTaatcataaat,-60.5,ulaABCDEF,+,activation,0.127635
tgaatgcgccAACTGTGATAGTGTCATCATTTtcaaagcgta,-44,cpdB,+,activation,0.0503575
gatcgacataTTTTGTGACACGAATTGCAAATctggttttgt,-61.5,nanCM,+,activation,0.0501474
gatcgacataTTTTGTGACACGAATTGCAAATctggttttgt,-61.5,nanCMS,+,activation,0.0501474
agagtgaaatTCTTGTGATGTGGTTAACCAATttcagaattc,-57.5,uxuAB,+,activation,0.0121211
gaattctgaaATTGGTTAACCACATCACAAGAatttcactct,-126.5,gntP,+,activation,0.0412526
cacaatataaATATGTGATATGAATCACATATttatcgtcac,-132.5,yjiY,+,activation,0.0403224
agatttccttAATTGTGATGTGTATCGAAGTGtgttgcggag,-40.5,deoCABD,+,activation,0.0528747
